{"id":"15c4c5ad-c3ac-456f-a6d2-88a03e2d76fc","alias":"BusinessFormFgWebPart","componentType":"WebPart","version":"0.0.1","manifestVersion":2,"requiresCustomScript":false,"supportedHosts":["SharePointWebPart"],"preconfiguredEntries":[{"groupId":"5c03119e-3074-46fd-976b-c60198311f70","group":{"default":"Other"},"title":{"default":"BusinessFormFG"},"description":{"default":"Business Form Design"},"officeFabricIconFontName":"Page","properties":{"description":"BusinessFormFG"}}],"loaderConfig":{"entryModuleId":"business-form-fg-web-part","internalModuleBaseUrls":["<!-- PATH TO CDN -->/"],"scriptResources":{"business-form-fg-web-part":{"type":"path","path":"business-form-fg-web-part_bd7a4aa8efdc64d35de752019bd5f3f2.js"},"ControlStrings":{"defaultPath":"spwebpart-controlstrings_en-us_52a6ba12e17213cb432213e7a90b16e0.js","type":"localizedPath","paths":{"bg-BG":"spwebpart-controlstrings_bg-bg_a9b15a20b85c9f00d24e4369557c5892.js","ca-ES":"spwebpart-controlstrings_ca-es_dc3f0ad29e655ac369102af722cafd83.js","de-DE":"spwebpart-controlstrings_de-de_9a766dd8ab90c170379f35d0d3afc0fb.js","de":"spwebpart-controlstrings_de-de_9a766dd8ab90c170379f35d0d3afc0fb.js","dsb":"spwebpart-controlstrings_de-de_9a766dd8ab90c170379f35d0d3afc0fb.js","rm":"spwebpart-controlstrings_de-de_9a766dd8ab90c170379f35d0d3afc0fb.js","hsb":"spwebpart-controlstrings_de-de_9a766dd8ab90c170379f35d0d3afc0fb.js","da-DK":"spwebpart-controlstrings_da-dk_3260556e8721bde8a2a6a1b1b8e80840.js","fo":"spwebpart-controlstrings_da-dk_3260556e8721bde8a2a6a1b1b8e80840.js","kl":"spwebpart-controlstrings_da-dk_3260556e8721bde8a2a6a1b1b8e80840.js","el-GR":"spwebpart-controlstrings_el-gr_5ae3489252e25fb4702534b3a83d61fa.js","el":"spwebpart-controlstrings_el-gr_5ae3489252e25fb4702534b3a83d61fa.js","en-US":"spwebpart-controlstrings_en-us_52a6ba12e17213cb432213e7a90b16e0.js","bn":"spwebpart-controlstrings_en-us_52a6ba12e17213cb432213e7a90b16e0.js","chr":"spwebpart-controlstrings_en-us_52a6ba12e17213cb432213e7a90b16e0.js","dv":"spwebpart-controlstrings_en-us_52a6ba12e17213cb432213e7a90b16e0.js","div":"spwebpart-controlstrings_en-us_52a6ba12e17213cb432213e7a90b16e0.js","en":"spwebpart-controlstrings_en-us_52a6ba12e17213cb432213e7a90b16e0.js","fil":"spwebpart-controlstrings_en-us_52a6ba12e17213cb432213e7a90b16e0.js","haw":"spwebpart-controlstrings_en-us_52a6ba12e17213cb432213e7a90b16e0.js","iu":"spwebpart-controlstrings_en-us_52a6ba12e17213cb432213e7a90b16e0.js","lo":"spwebpart-controlstrings_en-us_52a6ba12e17213cb432213e7a90b16e0.js","moh":"spwebpart-controlstrings_en-us_52a6ba12e17213cb432213e7a90b16e0.js","es-ES":"spwebpart-controlstrings_es-es_8cb23ff0f88fe73f36b12da9f8006f97.js","gn":"spwebpart-controlstrings_es-es_8cb23ff0f88fe73f36b12da9f8006f97.js","quz":"spwebpart-controlstrings_es-es_8cb23ff0f88fe73f36b12da9f8006f97.js","es":"spwebpart-controlstrings_es-es_8cb23ff0f88fe73f36b12da9f8006f97.js","ca-ES-valencia":"spwebpart-controlstrings_es-es_8cb23ff0f88fe73f36b12da9f8006f97.js","eu-ES":"spwebpart-controlstrings_eu-es_bdd4fbcb9c89d185f22bedcf3fee3629.js","et-EE":"spwebpart-controlstrings_et-ee_d1870543fdd9679b132e64615cd4a8a6.js","ja-JP":"spwebpart-controlstrings_ja-jp_b742108dce098f43ddea1f6011e2e1ed.js","fi-FI":"spwebpart-controlstrings_fi-fi_24d6371e03a870f0e109f4c15618ad90.js","sms":"spwebpart-controlstrings_fi-fi_24d6371e03a870f0e109f4c15618ad90.js","se-FI":"spwebpart-controlstrings_fi-fi_24d6371e03a870f0e109f4c15618ad90.js","se-Latn-FI":"spwebpart-controlstrings_fi-fi_24d6371e03a870f0e109f4c15618ad90.js","it-IT":"spwebpart-controlstrings_it-it_bbbd3ae1b65e3fe980e1a5fb5b430195.js","it":"spwebpart-controlstrings_it-it_bbbd3ae1b65e3fe980e1a5fb5b430195.js","fr-FR":"spwebpart-controlstrings_fr-fr_15da3cc89610a122954d0b8ab383354b.js","gsw":"spwebpart-controlstrings_fr-fr_15da3cc89610a122954d0b8ab383354b.js","br":"spwebpart-controlstrings_fr-fr_15da3cc89610a122954d0b8ab383354b.js","tzm-Tfng":"spwebpart-controlstrings_fr-fr_15da3cc89610a122954d0b8ab383354b.js","co":"spwebpart-controlstrings_fr-fr_15da3cc89610a122954d0b8ab383354b.js","fr":"spwebpart-controlstrings_fr-fr_15da3cc89610a122954d0b8ab383354b.js","ff":"spwebpart-controlstrings_fr-fr_15da3cc89610a122954d0b8ab383354b.js","lb":"spwebpart-controlstrings_fr-fr_15da3cc89610a122954d0b8ab383354b.js","mg":"spwebpart-controlstrings_fr-fr_15da3cc89610a122954d0b8ab383354b.js","oc":"spwebpart-controlstrings_fr-fr_15da3cc89610a122954d0b8ab383354b.js","zgh":"spwebpart-controlstrings_fr-fr_15da3cc89610a122954d0b8ab383354b.js","wo":"spwebpart-controlstrings_fr-fr_15da3cc89610a122954d0b8ab383354b.js","lv-LV":"spwebpart-controlstrings_lv-lv_d7aa363e090ef1cb9743ebec4d7f8002.js","nb-NO":"spwebpart-controlstrings_nb-no_38e2f276c750238f966bab1c64d96031.js","no":"spwebpart-controlstrings_nb-no_38e2f276c750238f966bab1c64d96031.js","nb":"spwebpart-controlstrings_nb-no_38e2f276c750238f966bab1c64d96031.js","nn":"spwebpart-controlstrings_nb-no_38e2f276c750238f966bab1c64d96031.js","smj-NO":"spwebpart-controlstrings_nb-no_38e2f276c750238f966bab1c64d96031.js","smj-Latn-NO":"spwebpart-controlstrings_nb-no_38e2f276c750238f966bab1c64d96031.js","se-NO":"spwebpart-controlstrings_nb-no_38e2f276c750238f966bab1c64d96031.js","se-Latn-NO":"spwebpart-controlstrings_nb-no_38e2f276c750238f966bab1c64d96031.js","sma-Latn":"spwebpart-controlstrings_nb-no_38e2f276c750238f966bab1c64d96031.js","sma-NO":"spwebpart-controlstrings_nb-no_38e2f276c750238f966bab1c64d96031.js","lt-LT":"spwebpart-controlstrings_lt-lt_bc4f9fc40394595d2747e19b41ca37a7.js","ro-RO":"spwebpart-controlstrings_ro-ro_52885fe81cb458a5074ad3ea90896d60.js","ro":"spwebpart-controlstrings_ro-ro_52885fe81cb458a5074ad3ea90896d60.js","pl-PL":"spwebpart-controlstrings_pl-pl_6ab659bd27bf4b189c08bc87f4ac84de.js","ru-RU":"spwebpart-controlstrings_ru-ru_121cdf7ffa72cbb4346b441dcfedaae1.js","ru":"spwebpart-controlstrings_ru-ru_121cdf7ffa72cbb4346b441dcfedaae1.js","ba":"spwebpart-controlstrings_ru-ru_121cdf7ffa72cbb4346b441dcfedaae1.js","be":"spwebpart-controlstrings_ru-ru_121cdf7ffa72cbb4346b441dcfedaae1.js","ky":"spwebpart-controlstrings_ru-ru_121cdf7ffa72cbb4346b441dcfedaae1.js","mn":"spwebpart-controlstrings_ru-ru_121cdf7ffa72cbb4346b441dcfedaae1.js","sah":"spwebpart-controlstrings_ru-ru_121cdf7ffa72cbb4346b441dcfedaae1.js","tg":"spwebpart-controlstrings_ru-ru_121cdf7ffa72cbb4346b441dcfedaae1.js","tt":"spwebpart-controlstrings_ru-ru_121cdf7ffa72cbb4346b441dcfedaae1.js","tk":"spwebpart-controlstrings_ru-ru_121cdf7ffa72cbb4346b441dcfedaae1.js","pt-PT":"spwebpart-controlstrings_pt-pt_6274ad4d9385ea833b4833654e23be11.js","pt":"spwebpart-controlstrings_pt-pt_6274ad4d9385ea833b4833654e23be11.js","sr-Latn-RS":"spwebpart-controlstrings_sr-latn-rs_8d4941ae26133c30538d9db5bcbd3fdb.js","sr":"spwebpart-controlstrings_sr-latn-rs_8d4941ae26133c30538d9db5bcbd3fdb.js","sv-SE":"spwebpart-controlstrings_sv-se_b6d21ee4f865ecf0eb02dfebec60e13c.js","smj":"spwebpart-controlstrings_sv-se_b6d21ee4f865ecf0eb02dfebec60e13c.js","se":"spwebpart-controlstrings_sv-se_b6d21ee4f865ecf0eb02dfebec60e13c.js","sv":"spwebpart-controlstrings_sv-se_b6d21ee4f865ecf0eb02dfebec60e13c.js","sma-SE":"spwebpart-controlstrings_sv-se_b6d21ee4f865ecf0eb02dfebec60e13c.js","sma-Latn-SE":"spwebpart-controlstrings_sv-se_b6d21ee4f865ecf0eb02dfebec60e13c.js","sk-SK":"spwebpart-controlstrings_sk-sk_fa7745b11a44d8d727cbcddcc7f3cb4e.js","sk":"spwebpart-controlstrings_sk-sk_fa7745b11a44d8d727cbcddcc7f3cb4e.js","tr-TR":"spwebpart-controlstrings_tr-tr_e2f1f969130b54991cb5a1525930da0a.js","tr":"spwebpart-controlstrings_tr-tr_e2f1f969130b54991cb5a1525930da0a.js","nl-NL":"spwebpart-controlstrings_nl-nl_1bce423d81257ebf5d454c4de7373f9c.js","nl":"spwebpart-controlstrings_nl-nl_1bce423d81257ebf5d454c4de7373f9c.js","fy":"spwebpart-controlstrings_nl-nl_1bce423d81257ebf5d454c4de7373f9c.js","zh-CN":"spwebpart-controlstrings_zh-cn_ccd61b36dbdb5d2245a728fe9bf9f095.js","zh":"spwebpart-controlstrings_zh-cn_ccd61b36dbdb5d2245a728fe9bf9f095.js","mn-Mong":"spwebpart-controlstrings_zh-cn_ccd61b36dbdb5d2245a728fe9bf9f095.js","bo":"spwebpart-controlstrings_zh-cn_ccd61b36dbdb5d2245a728fe9bf9f095.js","ug":"spwebpart-controlstrings_zh-cn_ccd61b36dbdb5d2245a728fe9bf9f095.js","ii":"spwebpart-controlstrings_zh-cn_ccd61b36dbdb5d2245a728fe9bf9f095.js","vi-VN":"spwebpart-controlstrings_vi-vn_3940a49151f3b2f02efa46b4281383ae.js","vi":"spwebpart-controlstrings_vi-vn_3940a49151f3b2f02efa46b4281383ae.js","zh-TW":"spwebpart-controlstrings_zh-tw_cb3ebc43a4d85ed3b66b5f70e05cbf23.js","zh-HK":"spwebpart-controlstrings_zh-tw_cb3ebc43a4d85ed3b66b5f70e05cbf23.js","zh-CHT":"spwebpart-controlstrings_zh-tw_cb3ebc43a4d85ed3b66b5f70e05cbf23.js","zh-Hant":"spwebpart-controlstrings_zh-tw_cb3ebc43a4d85ed3b66b5f70e05cbf23.js","zh-MO":"spwebpart-controlstrings_zh-tw_cb3ebc43a4d85ed3b66b5f70e05cbf23.js"}},"BusinessFormFgWebPartStrings":{"defaultPath":"spwebpart-businessformfgwebpartstrings_en-us_536e65149b0acf4d52c0043073b9fc59.js","type":"localizedPath","paths":{}},"@microsoft/sp-property-pane":{"type":"component","version":"1.10.0","id":"f9e737b7-f0df-4597-ba8c-3060f82380db"},"@microsoft/sp-lodash-subset":{"type":"component","version":"1.10.0","id":"73e1dc6c-8441-42cc-ad47-4bd3659f8a3a"},"@microsoft/sp-core-library":{"type":"component","version":"1.10.0","id":"7263c7d0-1d6a-45ec-8d85-d4d1d234171b"},"@microsoft/sp-webpart-base":{"type":"component","version":"1.10.0","id":"974a7777-0990-4136-8fa6-95d80114c2e0"},"react":{"type":"component","version":"16.8.5","id":"0d910c1c-13b9-4e1c-9aa4-b008c5e42d7d"},"react-dom":{"type":"component","version":"16.8.5","id":"aa0a46ec-1505-43cd-a44a-93f3a5aa460a"},"@microsoft/sp-http":{"type":"component","version":"1.10.0","id":"c07208f0-ea3b-4c1a-9965-ac1b825211a6"}}}}