{
  "id": "1c4541f7-5c31-41aa-9fa8-fbc9dc14c0a8",
  "alias": "SPPageContext",
  "componentType": "Library",
  "version": "1.10.0",
  "manifestVersion": 2,
  "loaderConfig": {
    "entryModuleId": "sp-page-context",
    "internalModuleBaseUrls": [
      "https://localhost:4321/"
    ],
    "scriptResources": {
      "sp-page-context": {
        "type": "localizedPath",
        "defaultPath": "dist/sp-page-context_en-us.js"
      },
      "@microsoft/sp-dynamic-data": {
        "type": "component",
        "version": "1.10.0",
        "id": "e40f8203-b39d-425a-a957-714852e33b79"
      },
      "@microsoft/sp-core-library": {
        "type": "component",
        "version": "1.10.0",
        "id": "7263c7d0-1d6a-45ec-8d85-d4d1d234171b"
      },
      "@microsoft/sp-diagnostics": {
        "type": "component",
        "version": "1.10.0",
        "id": "78359e4b-07c2-43c6-8d0b-d060b4d577e8"
      }
    }
  },
  "isInternal": true
}