{
  "id": "1cea229f-b208-4202-8014-22503d92a019",
  "alias": "SPDataProviders",
  "componentType": "Library",
  "version": "0.1.0",
  "manifestVersion": 2,
  "loaderConfig": {
    "entryModuleId": "sp-dataproviders",
    "internalModuleBaseUrls": [
      "https://localhost:4321/"
    ],
    "scriptResources": {
      "sp-dataproviders": {
        "type": "localizedPath",
        "defaultPath": "dist/sp-dataproviders_en-us.js"
      },
      "@ms/sp-home-http-client": {
        "type": "component",
        "version": "0.1.0",
        "id": "3157040b-4feb-40c4-9fe5-ec3b41d679ff"
      },
      "@ms/sp-list-field-data-source": {
        "type": "component",
        "version": "0.1.0",
        "id": "4e1142b8-c6b0-444e-ae43-82ea0aa27f20"
      },
      "@ms/sp-telemetry": {
        "type": "component",
        "version": "0.8.16",
        "id": "8217e442-8ed3-41fd-957d-b112e841286a"
      },
      "@ms/sp-base-data-source": {
        "type": "component",
        "version": "0.1.0",
        "id": "6e6e2204-49cb-4172-b923-32eaa7d8fe5b"
      },
      "@microsoft/sp-loader": {
        "type": "component",
        "version": "1.10.0",
        "id": "1c6c9123-7aac-41f3-a376-3caea41ed83f"
      },
      "@microsoft/office-ui-fabric-react-bundle": {
        "type": "component",
        "version": "1.10.0",
        "id": "02a01e42-69ab-403d-8a16-acd128661f8e"
      },
      "@ms/sp-list-data-source": {
        "type": "component",
        "version": "0.1.0",
        "id": "67c6ff5a-7666-4442-a8e9-55e57867bc44"
      },
      "@microsoft/sp-lodash-subset": {
        "type": "component",
        "version": "1.10.0",
        "id": "73e1dc6c-8441-42cc-ad47-4bd3659f8a3a"
      },
      "@ms/sp-list-item-data-source": {
        "type": "component",
        "version": "0.1.0",
        "id": "227e36d9-dfc3-4996-ac15-863575f70f47"
      },
      "@microsoft/sp-core-library": {
        "type": "component",
        "version": "1.10.0",
        "id": "7263c7d0-1d6a-45ec-8d85-d4d1d234171b"
      },
      "@microsoft/sp-page-context": {
        "type": "component",
        "version": "1.10.0",
        "id": "1c4541f7-5c31-41aa-9fa8-fbc9dc14c0a8"
      },
      "@ms/i18n-utilities": {
        "type": "component",
        "version": "0.1.16",
        "id": "c83d5509-ccd5-4c67-919f-2440f237927a"
      },
      "@ms/sp-list-view-data-source": {
        "type": "component",
        "version": "0.1.0",
        "id": "c09fde67-66c6-4eb5-b54e-4b9a4e3c42d0"
      },
      "@ms/sp-component-utilities": {
        "type": "component",
        "version": "4.0.11",
        "id": "8494e7d7-6b99-47b2-a741-59873e42f16f"
      },
      "@microsoft/sp-diagnostics": {
        "type": "component",
        "version": "1.10.0",
        "id": "78359e4b-07c2-43c6-8d0b-d060b4d577e8"
      },
      "@microsoft/sp-http": {
        "type": "component",
        "version": "1.10.0",
        "id": "c07208f0-ea3b-4c1a-9965-ac1b825211a6"
      },
      "@ms/odsp-utilities-bundle": {
        "type": "component",
        "version": "5.1.55",
        "id": "cc2cc925-b5be-41bb-880a-f0f8030c6aff"
      }
    }
  },
  "isInternal": true
}