{
  "id": "29bd516f-4ece-40b7-8028-597cbc65a223",
  "alias": "SpOfficeUIFabricCore",
  "componentType": "Library",
  "version": "1.10.0",
  "manifestVersion": 2,
  "loaderConfig": {
    "entryModuleId": "office-ui-fabric-core",
    "internalModuleBaseUrls": [
      "http://localhost:4321/"
    ],
    "scriptResources": {
      "office-ui-fabric-core": {
        "type": "path",
        "path": "dist/office-ui-fabric-core.js"
      },
      "@microsoft/load-themed-styles": {
        "type": "component",
        "version": "0.1.2",
        "id": "229b8d08-79f3-438b-8c21-4613fc877abd"
      }
    }
  },
  "isInternal": true
}