{
  "id": "4df9bb86-ab0a-4aab-ab5f-48bf167048fb",
  "alias": "SPApplicationBase",
  "componentType": "Library",
  "version": "1.10.0",
  "manifestVersion": 2,
  "preloadComponents": [
    "c0c518b8-701b-4f6f-956d-5782772bb731",
    "4958ea79-6ff3-4480-8291-0932dd010869"
  ],
  "loaderConfig": {
    "entryModuleId": "sp-application-base",
    "internalModuleBaseUrls": [
      "https://localhost:4321/"
    ],
    "scriptResources": {
      "sp-application-base": {
        "type": "localizedPath",
        "defaultPath": "dist/sp-application-base_en-us.js"
      },
      "@ms/sp-telemetry": {
        "type": "component",
        "version": "0.8.16",
        "id": "8217e442-8ed3-41fd-957d-b112e841286a"
      },
      "@ms/sp-load-themed-styles": {
        "type": "component",
        "version": "0.1.2",
        "id": "229b8d08-79f3-438b-8c21-4613fc877abd"
      },
      "@ms/sp-suite-nav": {
        "type": "component",
        "version": "0.1.0",
        "id": "f8a8ad94-4cf3-4a19-a76b-1cec9da00219"
      },
      "@microsoft/sp-component-base": {
        "type": "component",
        "version": "1.10.0",
        "id": "467dc675-7cc5-4709-8aac-78e3b71bd2f6"
      },
      "@microsoft/sp-loader": {
        "type": "component",
        "version": "1.10.0",
        "id": "1c6c9123-7aac-41f3-a376-3caea41ed83f"
      },
      "@microsoft/sp-lodash-subset": {
        "type": "component",
        "version": "1.10.0",
        "id": "73e1dc6c-8441-42cc-ad47-4bd3659f8a3a"
      },
      "@microsoft/sp-core-library": {
        "type": "component",
        "version": "1.10.0",
        "id": "7263c7d0-1d6a-45ec-8d85-d4d1d234171b"
      },
      "@microsoft/sp-page-context": {
        "type": "component",
        "version": "1.10.0",
        "id": "1c4541f7-5c31-41aa-9fa8-fbc9dc14c0a8"
      },
      "@microsoft/sp-extension-base": {
        "type": "component",
        "version": "1.10.0",
        "id": "0773bd53-a69e-4293-87e6-ba80ea4d614b"
      },
      "react": {
        "type": "component",
        "version": "16.8.5",
        "id": "0d910c1c-13b9-4e1c-9aa4-b008c5e42d7d",
        "failoverPath": "node_modules/react/dist/react.js"
      },
      "react-dom": {
        "type": "component",
        "version": "16.8.5",
        "id": "aa0a46ec-1505-43cd-a44a-93f3a5aa460a",
        "failoverPath": "node_modules/react-dom/dist/react-dom.js"
      },
      "@ms/uifabric-styling-bundle": {
        "type": "component",
        "version": "0.1.0",
        "id": "17ce0976-e69a-4355-be84-89b69a74717d"
      },
      "@microsoft/load-themed-styles": {
        "type": "component",
        "version": "0.1.2",
        "id": "229b8d08-79f3-438b-8c21-4613fc877abd"
      },
      "@microsoft/sp-diagnostics": {
        "type": "component",
        "version": "1.10.0",
        "id": "78359e4b-07c2-43c6-8d0b-d060b4d577e8"
      },
      "@microsoft/sp-http": {
        "type": "component",
        "version": "1.10.0",
        "id": "c07208f0-ea3b-4c1a-9965-ac1b825211a6"
      },
      "@microsoft/decorators": {
        "type": "component",
        "version": "1.10.0",
        "id": "f97266fb-ccb7-430e-9384-4124d05295d3"
      },
      "@ms/odsp-utilities-bundle": {
        "type": "component",
        "version": "5.1.55",
        "id": "cc2cc925-b5be-41bb-880a-f0f8030c6aff"
      }
    }
  },
  "isInternal": true
}